No.,Job Title,Job Description,Job Responsibility,Job Location,Job Type,Job Qualification,Job SalarayType,Job Start Budget,Job End Budget,Job Experience,Job Shift,Job Status,Candidate Name,Candidate Email,Candidate About,Candidate Experience,Candidate Current Company,Candidate Phone,Candidate Location,Candidate Experience Time,Candidate Expected Salary,Candidate Age,Candidate Qualification
1,Marketing Manager,"Dolor justo tempor duo ipsum accusam rebum gubergren erat. Elitr stet dolor vero clita labore gubergren. Kasd sed ipsum elitr clita rebum ut sea diam tempor. Sadipscing nonumy vero labore invidunt dolor sed, eirmod dolore amet aliquyam consetetur lorem, amet elitr clita et sed consetetur dolore accusam. Vero kasd nonumy justo rebum stet. Ipsum amet sed lorem sea magna. Rebum vero dolores dolores elitr vero dolores magna, stet sea sadipscing stet et. Est voluptua et sanctus at sanctus erat vero sed sed, amet duo no diam clita rebum duo, accusam tempor takimata clita stet nonumy rebum est invidunt stet, dolor.","Magna et elitr diam sed lorem. Diam diam stet erat no est est. Accusam sed lorem stet voluptua sit sit at stet consetetur, takimata at diam kasd gubergren elitr dolor",Lahore,FullTime,Bachelor,FullTime,123,456,Oneyear,Morning,Open,Hammad Mirza,hammadcandidate@gmail.com,"Are you a User Experience Designer with a track record of delivering intuitive digital experiences that drive results? Are you a strategic storyteller and systems thinker who can concept and craft smart, world-class campaigns across a variety of mediums?

Deloitte's Green Dot Agency is looking to add a Lead User Experience Designer to our experience design team. We want a passionate creative who's inspired by new trends and emerging technologies, and is able to integrate them into memorable user experiences. A problem solver who is entrepreneurial, collaborative, hungry, and humble; can deliver beautifully designed, leading-edge experiences under tight deadlines;",.Net Developer,Fresh Graduate,3000000,Lahore,5,300,23,Bachelor
2,Software Engineer,"Dolor justo tempor duo ipsum accusam rebum gubergren erat. Elitr stet dolor vero clita labore gubergren. Kasd sed ipsum elitr clita rebum ut sea diam tempor. Sadipscing nonumy vero labore invidunt dolor sed, eirmod dolore amet aliquyam consetetur lorem, amet elitr clita et sed consetetur dolore accusam. Vero kasd nonumy justo rebum stet. Ipsum amet sed lorem sea magna. Rebum vero dolores dolores elitr vero dolores magna, stet sea sadipscing stet et. Est voluptua et sanctus at sanctus erat vero sed sed, amet duo no diam clita rebum duo, accusam tempor takimata clita stet nonumy rebum est invidunt stet, dolor.","Magna et elitr diam sed lorem. Diam diam stet erat no est est. Accusam sed lorem stet voluptua sit sit at stet consetetur, takimata at diam kasd gubergren elitr dolor",Karachi,FullTime,Bachelor,FullTime,334,777,AboveFive,Morning,Open,Hammad Mirza,hammadcandidate@gmail.com,"Are you a User Experience Designer with a track record of delivering intuitive digital experiences that drive results? Are you a strategic storyteller and systems thinker who can concept and craft smart, world-class campaigns across a variety of mediums?

Deloitte's Green Dot Agency is looking to add a Lead User Experience Designer to our experience design team. We want a passionate creative who's inspired by new trends and emerging technologies, and is able to integrate them into memorable user experiences. A problem solver who is entrepreneurial, collaborative, hungry, and humble; can deliver beautifully designed, leading-edge experiences under tight deadlines;",.Net Developer,Fresh Graduate,3000000,Lahore,5,300,23,Bachelor
3,Marketing Manager,"Dolor justo tempor duo ipsum accusam rebum gubergren erat. Elitr stet dolor vero clita labore gubergren. Kasd sed ipsum elitr clita rebum ut sea diam tempor. Sadipscing nonumy vero labore invidunt dolor sed, eirmod dolore amet aliquyam consetetur lorem, amet elitr clita et sed consetetur dolore accusam. Vero kasd nonumy justo rebum stet. Ipsum amet sed lorem sea magna. Rebum vero dolores dolores elitr vero dolores magna, stet sea sadipscing stet et. Est voluptua et sanctus at sanctus erat vero sed sed, amet duo no diam clita rebum duo, accusam tempor takimata clita stet nonumy rebum est invidunt stet, dolor.","Magna et elitr diam sed lorem. Diam diam stet erat no est est. Accusam sed lorem stet voluptua sit sit at stet consetetur, takimata at diam kasd gubergren elitr dolor",Lahore,FullTime,Bachelor,FullTime,123,456,Oneyear,Morning,Open,Ahtesham,ahteshamcandidate@gmail.com,"Are you a User Experience Designer with a track record of delivering intuitive digital experiences that drive results? Are you a strategic storyteller and systems thinker who can concept and craft smart, world-class campaigns across a variety of mediums?

Deloitte's Green Dot Agency is looking to add a Lead User Experience Designer to our experience design team. We want a passionate creative who's inspired by new trends and emerging technologies, and is able to integrate them into memorable user experiences. A problem solver who is entrepreneurial, collaborative, hungry, and humble; can deliver beautifully designed, leading-edge experiences under tight deadlines;",Php Laravel,Fresh Graduate,3000000,Lahore,6,400,23,Bachelor
