Company Name,Company Email,Company About,Company Founded,"Company Headquarters ",Company Industry,Company Website,"Company Size "
Seasons,seasons@gmail.com,"Are you a User Experience Designer with a track record of delivering intuitive digital experiences that drive results? Are you a strategic storyteller and systems thinker who can concept and craft smart, world-class campaigns across a variety of mediums?

Deloitte's Green Dot Agency is looking to add a Lead User Experience Designer to our experience design team. We want a passionate creative who's inspired by new trends and emerging technologies, and is able to integrate them into memorable user experiences. A problem solver who is entrepreneurial, collaborative, hungry, and humble; can deliver beautifully designed, leading-edge experiences under tight deadlines; and who has demonstrated proven expertise.",05/22/2023 14:25:44,Lahore,It,https://jobs.nokriwp.com/,50
Lorem Ipsum,loremipusm@gmail.com,"Are you a User Experience Designer with a track record of delivering intuitive digital experiences that drive results? Are you a strategic storyteller and systems thinker who can concept and craft smart, world-class campaigns across a variety of mediums?

Deloitte's Green Dot Agency is looking to add a Lead User Experience Designer to our experience design team. We want a passionate creative who's inspired by new trends and emerging technologies, and is able to integrate them into memorable user experiences. A problem solver who is entrepreneurial, collaborative, hungry, and humble; can deliver beautifully designed, leading-edge experiences under tight deadlines; and who has demonstrated proven expertise.",05/22/2023 14:25:44,Islamabad,Machenical,https://jobs.nokriwp.com/,600
Digital Flies,digitalflies@gmail.com,"Are you a User Experience Designer with a track record of delivering intuitive digital experiences that drive results? Are you a strategic storyteller and systems thinker who can concept and craft smart, world-class campaigns across a variety of mediums?

Deloitte's Green Dot Agency is looking to add a Lead User Experience Designer to our experience design team. We want a passionate creative who's inspired by new trends and emerging technologies, and is able to integrate them into memorable user experiences. A problem solver who is entrepreneurial, collaborative, hungry, and humble; can deliver beautifully designed, leading-edge experiences under tight deadlines; and who has demonstrated proven expertise.",05/22/2023 14:25:44,"Las Vegas, NV 89107, USA",It,https://jobs.nokriwp.com/,200
