No.,Company Name,Company Email,Company About,Company Founded,"Company Headquarters ",Company Industry,Company Website,"Company Size "
1,PureLogics,hammad.hassan@purelogics.com,"Lorem ipsum dolor sit amet, consectetur adipiscing elit, sed do eiusmod tempor incididunt ut labore et dolore magna aliqua. Ut enim ad minim veniam, quis nostrud exercitation ullamco laboris nisi ut aliquip ex ea commodo consequat. Duis aute irure dolor in reprehenderit in voluptate velit esse cillum dolore eu fugiat nulla pariatur. Excepteur sint occaecat cupidatat non proident, sunt in culpa qui officia deserunt mollit anim id est laborum.",06/05/2006 19:00:00,Lahore,IT,http://localhost:4200/,300
2,Seasons,seasons@gmail.com,"Are you a User Experience Designer with a track record of delivering intuitive digital experiences that drive results? Are you a strategic storyteller and systems thinker who can concept and craft smart, world-class campaigns across a variety of mediums?

Deloitte's Green Dot Agency is looking to add a Lead User Experience Designer to our experience design team. We want a passionate creative who's inspired by new trends and emerging technologies, and is able to integrate them into memorable user experiences. A problem solver who is entrepreneurial, collaborative, hungry, and humble; can deliver beautifully designed, leading-edge experiences under tight deadlines; and who has demonstrated proven expertise.",05/25/2023 17:43:11,Lahore,It,https://jobs.nokriwp.com/,50
3,Lorem Ipsum,loremipusm@gmail.com,"Are you a User Experience Designer with a track record of delivering intuitive digital experiences that drive results? Are you a strategic storyteller and systems thinker who can concept and craft smart, world-class campaigns across a variety of mediums?

Deloitte's Green Dot Agency is looking to add a Lead User Experience Designer to our experience design team. We want a passionate creative who's inspired by new trends and emerging technologies, and is able to integrate them into memorable user experiences. A problem solver who is entrepreneurial, collaborative, hungry, and humble; can deliver beautifully designed, leading-edge experiences under tight deadlines; and who has demonstrated proven expertise.",05/25/2023 17:43:11,Islamabad,Machenical,https://jobs.nokriwp.com/,600
4,Digital Flies,digitalflies@gmail.com,"Are you a User Experience Designer with a track record of delivering intuitive digital experiences that drive results? Are you a strategic storyteller and systems thinker who can concept and craft smart, world-class campaigns across a variety of mediums?

Deloitte's Green Dot Agency is looking to add a Lead User Experience Designer to our experience design team. We want a passionate creative who's inspired by new trends and emerging technologies, and is able to integrate them into memorable user experiences. A problem solver who is entrepreneurial, collaborative, hungry, and humble; can deliver beautifully designed, leading-edge experiences under tight deadlines; and who has demonstrated proven expertise.",05/25/2023 17:43:11,"Las Vegas, NV 89107, USA",It,https://jobs.nokriwp.com/,200
