No.,Candidate Name,Candidate Email,Candidate About,Candidate Experience,Candidate Current Company,Candidate Phone,Candidate Location,Candidate Experience Time,Candidate Expected Salary,Candidate Age,Candidate Qualification
1,Hammad Hassan Mirza,hammadhassanmirzasiddique@gmail.com,"Lorem ipsum dolor sit amet, consectetur adipiscing elit, sed do eiusmod tempor incididunt ut labore et dolore magna aliqua. Ut enim ad minim veniam, quis nostrud exercitation ullamco laboris nisi ut aliquip ex ea commodo consequat. Duis aute irure dolor in reprehenderit in voluptate velit esse cillum dolore eu fugiat nulla pariatur. Excepteur sint occaecat cupidatat non proident, sunt in culpa qui officia deserunt mollit anim id est laborum.",.NET,Fresh Graduate,3335173387,Lahore,2,50000,25,Bachelor
2,Ahtesham,ahteshamcandidate@gmail.com,"Are you a User Experience Designer with a track record of delivering intuitive digital experiences that drive results? Are you a strategic storyteller and systems thinker who can concept and craft smart, world-class campaigns across a variety of mediums?

Deloitte's Green Dot Agency is looking to add a Lead User Experience Designer to our experience design team. We want a passionate creative who's inspired by new trends and emerging technologies, and is able to integrate them into memorable user experiences. A problem solver who is entrepreneurial, collaborative, hungry, and humble; can deliver beautifully designed, leading-edge experiences under tight deadlines;",Php Laravel,Fresh Graduate,3000000,Lahore,6,400,23,Bachelor
3,Sohaib,sohaibCandidate@gmail.com,"Are you a User Experience Designer with a track record of delivering intuitive digital experiences that drive results? Are you a strategic storyteller and systems thinker who can concept and craft smart, world-class campaigns across a variety of mediums?

Deloitte's Green Dot Agency is looking to add a Lead User Experience Designer to our experience design team. We want a passionate creative who's inspired by new trends and emerging technologies, and is able to integrate them into memorable user experiences. A problem solver who is entrepreneurial, collaborative, hungry, and humble; can deliver beautifully designed, leading-edge experiences under tight deadlines;",React Designer,Fresh Graduate,3000000,Islamabad,8,500,23,Master
4,Hammad Mirza,hammadcandidate@gmail.com,"Are you a User Experience Designer with a track record of delivering intuitive digital experiences that drive results? Are you a strategic storyteller and systems thinker who can concept and craft smart, world-class campaigns across a variety of mediums?

Deloitte's Green Dot Agency is looking to add a Lead User Experience Designer to our experience design team. We want a passionate creative who's inspired by new trends and emerging technologies, and is able to integrate them into memorable user experiences. A problem solver who is entrepreneurial, collaborative, hungry, and humble; can deliver beautifully designed, leading-edge experiences under tight deadlines;",.Net Developer,Fresh Graduate,3000000,Lahore,5,300,23,Bachelor
